{
	"format_version": "1.8.0",
	"animations": {
		"hold": {
			"loop": true,
			"bones": {
				"model": {
					"rotation": {
						"vector": [0, 0, 0]
					}
				},
				"right_arm_anim": {
					"rotation": {
						"vector": [35, 0, 0]
					},
					"position": {
						"vector": [8, 4, 12.25]
					}
				},
				"gun": {
					"rotation": {
						"vector": [0, 0, 0]
					},
					"position": {
						"vector": [0, 0, 0]
					}
				},
				"left_arm_anim": {
					"rotation": {
						"vector": [-5.73863, 14.67886, -40.94318]
					},
					"position": {
						"vector": [-1.57556, 2.16781, 3.92118]
					}
				}
			}
		},
		"equip": {
			"loop": "hold_on_last_frame",
			"animation_length": 0.75,
			"bones": {
				"model": {
					"rotation": {
						"0.0": {
							"vector": [27.5, 0, 0]
						},
						"0.4167": {
							"vector": [0, 0, 0]
						},
						"0.75": {
							"vector": [0, 0, 0]
						}
					},
					"position": {
						"0.0": {
							"vector": [-3.75, 0, -4.75]
						},
						"0.4167": {
							"vector": [-3.75, -1.45, -4.75]
						},
						"0.75": {
							"vector": [-3.75, 0, -4.75],
							"easing": "easeOutBack"
						}
					}
				},
				"right_arm_anim": {
					"rotation": {
						"0.0": {
							"vector": [32.11098, -22.72963, 2.8221]
						},
						"0.4167": {
							"vector": [35, 0, 0]
						},
						"0.75": {
							"vector": [35, 0, 0]
						}
					},
					"position": {
						"0.0": {
							"vector": [5.25, 3.02429, 11.74208]
						},
						"0.4167": {
							"vector": [8, 0.27218, 9.97715]
						},
						"0.75": {
							"vector": [8, 4, 12.25]
						}
					}
				},
				"gun": {
					"rotation": {
						"0.0": {
							"vector": [0, -55, 0]
						},
						"0.4167": {
							"vector": [-25, 0, 0]
						},
						"0.75": {
							"vector": [0, 0, 0]
						}
					},
					"position": {
						"0.0": {
							"vector": [8.5, -2.07787, 3.99155]
						},
						"0.4167": {
							"vector": [0, 0, 0]
						},
						"0.75": {
							"vector": [0, 0, 0]
						}
					}
				},
				"left_arm_anim": {
					"rotation": {
						"0.0": {
							"vector": [15.37102, -10.07034, -45.35071]
						},
						"0.4167": {
							"vector": [-7.06916, 24.02197, -46.7933]
						},
						"0.75": {
							"vector": [-5.73863, 14.67886, -40.94318]
						}
					},
					"position": {
						"0.0": {
							"vector": [0.22695, -0.30888, 10.20362]
						},
						"0.4167": {
							"vector": [-0.4566, 2.38952, 3.48264]
						},
						"0.75": {
							"vector": [-1.57556, 2.16781, 3.92118]
						}
					}
				}
			}
		},
		"shot": {
			"loop": true,
			"animation_length": 0.5,
			"bones": {
				"model": {
					"position": {
						"0.0": {
							"vector": [0, 0, 0]
						},
						"0.125": {
							"vector": [0, 0.125, 0]
						},
						"0.25": {
							"vector": [0, 0, 0]
						},
						"0.375": {
							"vector": [0, 0.125, 0]
						},
						"0.5": {
							"vector": [0, 0, 0]
						}
					}
				},
				"right_arm_anim": {
					"rotation": {
						"vector": [35, 0, 0]
					},
					"position": {
						"vector": [8, 4, 12.25]
					}
				},
				"gun": {
					"rotation": {
						"0.0": {
							"vector": [0, 0, 0]
						},
						"0.125": {
							"vector": [-2.5, 0, 0]
						},
						"0.25": {
							"vector": [0, 0, 0]
						},
						"0.375": {
							"vector": [-2.5, 0, 0]
						},
						"0.5": {
							"vector": [0, 0, 0]
						}
					},
					"position": {
						"0.0": {
							"vector": [0, 0, 0]
						},
						"0.125": {
							"vector": [0, -0.00393, -0.22497]
						},
						"0.25": {
							"vector": [0, 0, 0]
						},
						"0.375": {
							"vector": [0, -0.00393, -0.22497]
						},
						"0.5": {
							"vector": [0, 0, 0]
						}
					}
				},
				"piston1": {
					"position": {
						"0.0": {
							"vector": [0.25877, -0.28239, -0.32139]
						},
						"0.125": {
							"vector": [0.51877, -0.56239, -0.64139],
							"easing": "linear"
						},
						"0.25": {
							"vector": [0.25877, -0.28239, -0.32139],
							"easing": "linear"
						},
						"0.375": {
							"vector": [0.00123, 0.00239, 0.00139],
							"easing": "linear"
						},
						"0.5": {
							"vector": [0.25877, -0.28239, -0.32139],
							"easing": "linear"
						}
					}
				},
				"piston2": {
					"position": {
						"0.0": {
							"vector": [-0.25877, -0.28239, -0.32139]
						},
						"0.125": {
							"vector": [-0.00123, 0.00239, 0.00139],
							"easing": "linear"
						},
						"0.25": {
							"vector": [-0.25877, -0.28239, -0.32139],
							"easing": "linear"
						},
						"0.375": {
							"vector": [-0.51877, -0.56239, -0.64139],
							"easing": "linear"
						},
						"0.5": {
							"vector": [-0.25877, -0.28239, -0.32139],
							"easing": "linear"
						}
					}
				},
				"piston3": {
					"position": {
						"0.0": {
							"vector": [0.25877, -0.28239, -0.32139]
						},
						"0.125": {
							"vector": [0.00123, 0.00239, 0.00139],
							"easing": "linear"
						},
						"0.25": {
							"vector": [0.25877, -0.28239, -0.32139],
							"easing": "linear"
						},
						"0.375": {
							"vector": [0.51877, -0.56239, -0.64139],
							"easing": "linear"
						},
						"0.5": {
							"vector": [0.25877, -0.28239, -0.32139],
							"easing": "linear"
						}
					}
				},
				"piston4": {
					"position": {
						"0.0": {
							"vector": [-0.25877, -0.28239, -0.32139]
						},
						"0.125": {
							"vector": [-0.51877, -0.56239, -0.64139],
							"easing": "linear"
						},
						"0.25": {
							"vector": [-0.25877, -0.28239, -0.32139],
							"easing": "linear"
						},
						"0.375": {
							"vector": [-0.00123, 0.00239, 0.00139],
							"easing": "linear"
						},
						"0.5": {
							"vector": [-0.25877, -0.28239, -0.32139],
							"easing": "linear"
						}
					}
				},
				"piston": {
					"position": {
						"0.0": {
							"vector": [0, 0, 0]
						},
						"0.125": {
							"vector": [0, 0, 1.25]
						},
						"0.25": {
							"vector": [0, 0, 0]
						},
						"0.375": {
							"vector": [0, 0, -1.25]
						},
						"0.5": {
							"vector": [0, 0, 0]
						}
					}
				},
				"left_arm_anim": {
					"rotation": {
						"vector": [-5.73863, 14.67886, -40.94318]
					},
					"position": {
						"vector": [-1.57556, 2.16781, 3.92118]
					}
				}
			}
		},
		"shot_auto": {
			"loop": true,
			"animation_length": 0.5,
			"bones": {
				"model": {
					"rotation": {
						"vector": [0, 0, 0]
					},
					"position": {
						"0.0": {
							"vector": [0, 0, 0]
						},
						"0.125": {
							"vector": [0, 0.125, 0]
						},
						"0.25": {
							"vector": [0, 0, 0]
						},
						"0.375": {
							"vector": [0, 0.125, 0]
						},
						"0.5": {
							"vector": [0, 0, 0]
						}
					}
				},
				"right_arm_anim": {
					"rotation": {
						"vector": [35, 0, 0]
					},
					"position": {
						"vector": [8, 4, 12.25]
					}
				},
				"gun": {
					"rotation": {
						"vector": [0, 0, 0]
					},
					"position": {
						"vector": [0, 0, 0]
					}
				},
				"piston1": {
					"position": {
						"0.0": {
							"vector": [0.25877, -0.28239, -0.32139]
						},
						"0.125": {
							"vector": [0.51877, -0.56239, -0.64139],
							"easing": "linear"
						},
						"0.25": {
							"vector": [0.25877, -0.28239, -0.32139],
							"easing": "linear"
						},
						"0.375": {
							"vector": [0.00123, 0.00239, 0.00139],
							"easing": "linear"
						},
						"0.5": {
							"vector": [0.25877, -0.28239, -0.32139],
							"easing": "linear"
						}
					}
				},
				"piston2": {
					"position": {
						"0.0": {
							"vector": [-0.25877, -0.28239, -0.32139]
						},
						"0.125": {
							"vector": [-0.00123, 0.00239, 0.00139],
							"easing": "linear"
						},
						"0.25": {
							"vector": [-0.25877, -0.28239, -0.32139],
							"easing": "linear"
						},
						"0.375": {
							"vector": [-0.51877, -0.56239, -0.64139],
							"easing": "linear"
						},
						"0.5": {
							"vector": [-0.25877, -0.28239, -0.32139],