{
	"format_version": "1.8.0",
	"animations": {
		"hold": {
			"loop": true,
			"bones": {
				"model": {
					"rotation": {
						"vector": [-7.5, 0, -40]
					},
					"position": {
						"vector": [0, 0, 0]
					}
				},
				"right_arm_anim": {
					"rotation": {
						"vector": [3.98044, -12.8671, 4.44119]
					},
					"position": {
						"vector": [6.30126, 4.76741, 3.551]
					}
				},
				"left_arm_anim": {
					"rotation": {
						"vector": [18.1745, 36.34133, 25.10012]
					},
					"position": {
						"vector": [-3.74001, -1.49287, 1.27834]
					}
				},
				"right_arm": {
					"rotation": {
						"vector": [16.69948, 10.80039, 4.39825]
					},
					"position": {
						"vector": [-0.81061, -0.96545, -0.78791]
					}
				},
				"ammo": {
					"rotation": {
						"vector": [0, 0, 0]
					},
					"position": {
						"vector": [0, 0, 0]
					},
					"scale": {
						"vector": [0, 0, 0]
					}
				}
			}
		},
		"reload": {
			"loop": "hold_on_last_frame",
			"animation_length": 4.3333,
			"bones": {
				"model": {
					"rotation": {
						"0.0": {
							"vector": [-7.5, 0, -40]
						},
						"0.2083": {
							"vector": [-13.2589, -4.81281, -39.75778]
						},
						"0.4167": {
							"vector": [-7.5, 0, -40]
						},
						"3.0833": {
							"vector": [-7.5, 0, -40]
						},
						"3.2917": {
							"vector": [-13.2589, -4.81281, -39.75778]
						},
						"3.5": {
							"vector": [-7.5, 0, -40]
						}
					},
					"position": {
						"0.0": {
							"vector": [0, 0, 0]
						},
						"1.1667": {
							"vector": [0, 0, 0]
						},
						"1.25": {
							"vector": [0.06373, -0.07595, -0.01305]
						},
						"1.375": {
							"vector": [0, 0, 0]
						},
						"2.625": {
							"vector": [0, 0, 0]
						},
						"2.7083": {
							"vector": [-0.19119, 0.22785, 0.03916]
						},
						"2.8333": {
							"vector": [0, 0, 0]
						},
						"3.7083": {
							"vector": [0, 0, 0]
						},
						"3.7917": {
							"vector": [0.19119, -0.22785, -0.03916],
							"easing": "easeInElastic"
						},
						"3.9167": {
							"vector": [0, 0, 0]
						}
					}
				},
				"right_arm_anim": {
					"rotation": {
						"0.0": {
							"vector": [3.98044, -12.8671, 4.44119]
						},
						"3.5833": {
							"vector": [3.98044, -12.8671, 4.44119]
						},
						"3.8333": {
							"vector": [16.48044, -12.8671, 4.44119],
							"easing": "easeInElastic"
						},
						"4.1667": {
							"vector": [3.98044, -12.8671, 4.44119]
						}
					},
					"position": {
						"0.0": {
							"vector": [6.30126, 4.76741, 3.551]
						},
						"3.5833": {
							"vector": [6.30126, 4.76741, 3.551]
						},
						"3.8333": {
							"vector": [6.65898, 4.33741, 3.75588],
							"easing": "easeInElastic"
						},
						"4.1667": {
							"vector": [6.30126, 4.76741, 3.551]
						}
					}
				},
				"left_arm_anim": {
					"rotation": {
						"0.0": {
							"vector": [18.1745, 36.34133, 25.10012]
						},
						"0.5": {
							"vector": [18.1745, 36.34133, 25.10012]
						},
						"1.0": {
							"vector": [-47.82283, 46.87039, 16.22274]
						},
						"1.375": {
							"vector": [-37.82283, 46.87039, 16.22274],
							"easing": "easeInBack"
						},
						"1.7917": {
							"vector": [43.28904, -17.27692, 24.57633]
						},
						"2.0": {
							"vector": [43.28904, -17.27692, 24.57633]
						},
						"2.3333": {
							"vector": [-37.82283, 46.87039, 16.22274],
							"easing": "linear"
						},
						"2.6667": {
							"vector": [-47.82283, 46.87039, 16.22274],
							"easing": "easeInCirc"
						},
						"3.0": {
							"vector": [-47.82283, 46.87039, 16.22274],
							"easing": "easeInCirc"
						},
						"3.5": {
							"vector": [18.1745, 36.34133, 25.10012]
						}
					},
					"position": {
						"0.0": {
							"vector": [-3.74001, -1.49287, 1.27834]
						},
						"0.5": {
							"vector": [-3.74001, -1.49287, 1.27834]
						},
						"1.0": {
							"vector": [-3.64541, 0.30264, 0.89594]
						},
						"1.375": {
							"vector": [-3.0619, -1.35225, 1.86137],
							"easing": "easeInBack"
						},
						"1.7917": {
							"vector": [-4.1302, -0.36692, 10.7419]
						},
						"2.0": {
							"vector": [-4.1302, -0.36692, 10.7419]
						},
						"2.3333": {
							"vector": [-3.0619, -1.35225, 1.86137],
							"easing": "linear"
						},
						"2.6667": {
							"vector": [-3.64541, 0.30264, 0.89594],
							"easing": "easeInCirc"
						},
						"3.0": {
							"vector": [-3.64541, 0.30264, 0.89594],
							"easing": "easeInCirc"
						},
						"3.5": {
							"vector": [-3.74001, -1.49287, 1.27834]
						}
					}
				},
				"right_arm": {
					"rotation": {
						"vector": [16.69948, 10.80039, 4.39825]
					},
					"position": {
						"vector": [-0.81061, -0.96545, -0.78791]
					}
				},
				"weapon": {
					"rotation": {
						"0.0417": {
							"vector": [0, 0, 0]
						},
						"0.4167": {
							"vector": [0, 47.5, 0]
						},
						"3.2917": {
							"vector": [0, 47.5, 0]
						},
						"3.5": {
							"vector": [0, 0, 0]
						}
					}
				},
				"magazine": {
					"rotation": {
						"0.0": {
							"vector": [0, 0, 0]
						},
						"1.0": {
							"vector": [0, 0, 0]
						},
						"1.375": {
							"vector": [0, 0, 0]
						},
						"1.7917": {
							"vector": [-4.57519, -59.27135, 40.80484]
						},
						"2.0": {
							"vector": [-4.57519, -59.27135, 40.80484]
						},
						"2.3333": {
							"vector": [0, 0, 0]
						},
						"2.6667": {
							"vector": [0, 0, 0],
							"easing": "easeInCirc"
						}
					},
					"position": {
						"0.0": {
							"vector": [0, 0, 0]
						},
						"1.0": {
							"vector": [0, 0, 0]
						},
						"1.375": {
							"vector": [0, -3, 0],
							"easing": "easeInBack"
						},
						"1.7917": {
							"vector": [-2.2207, -13.5, 6.37149]
						},
						"2.0": {
							"vector": [-2.2207, -13.5, 6.37149]
						},
						"2.3333": {
							"vector": [0, -3, 0],
							"easing": "linear"
						},
						"2.6667": {
							"vector": [0, 0, 0],
							"easing": "easeInCirc"
						}
					}
				},
				"lock": {
					"position": {
						"0.0": {
							"vector": [0, 0, 0]
						},
						"3.5833": {
							"vector": [0, 0, 0]
						},
						"3.8333": {
							"vector": [0, 0, 1.75],
							"easing": "easeInElastic"
						},
						"4.125": {
							"vector": [0, 0, 0]
						}
					}
				},
				"reload_handle": {
					"position": {
						"0.0": {
							"vector": [0, 0, 0]
						},
						"3.5833": {
							"vector": [0, 0, 0]
						},
						"3.8333": {
							"vector": [0, -2, 0],
							"easing": "easeInElastic"
						},
						"4.1667": {
							"vector": [0, 0, 0]
						}
					}
				},
				"ammo": {
					"rotation": {
						"0.0": {
							"vector": [0, 0, 0]
						},
						"3.9167": {
							"vector": [0, 0, 0]
						},
						"4.3333": {
							"vector": [-500, -1080, 0]
						}
					},
					"position": {
						"0.0": {
							"vector": [0, 0, 0]
						},
						"3.8333": {
							"vector": [0, 0, 0]
						},
						"3.875": {
							"vector": [8.04045, 0.1339, -0.02217]
						},
						"3.9583": {
							"vector": [18.84821, -4.26738, 0.56176]
						},
						"4.0417": {
							"vector": [25.30087, -9.5856, 1.26197]
						},
						"4.1667": {
							"vector": [31.20273, -19.60052, 2.18144]
						},
						"4.3333": {
							"vector": [34.44786, -38.92705, 8.23779]
						}
					},
					"scale": {
						"0.0": {
							"vector": [1, 1, 1]
						},
						"4.0417": {
							"vector": [1, 1, 1]
						},
						"4.3333": {
							"vector": [0, 0, 0]
						}
					}
				}
			}
		},
		"melee": {
			"loop": true,
			"animation_length": 0.5417,
			"bones": {
				"model": {
					"rotation": {
						"0.0": {
							"vector": [-7.5, 0, -40]
						},
						"0.375": {
							"vector": [-52.69106, -5.88973, -34.75672],
							"easing": "easeInSine"
						},
						"0.5417": {
							"vector": [47.83761, -9.05478, -36.76175],
							"easing": "easeInElastic"
						}
					},
					"position": {
						"0.0": {
							"vector": [0, 0, 0]
						},