{
	"format_version": "1.8.0",
	"animations": {
		"launcher_reload": {
			"animation_length": 3.9583,
			"bones": {
				"right_arm": {
					"rotation": {
						"0.0": {
							"vector": [-90, -35, 0]
						},
						"0.5": {
							"vector": [-65, -35, 0]
						},
						"1.0": {
							"vector": [-65, -35, 0]
						},
						"1.2083": {
							"vector": [-68.33716, -36.98215, 5.67485]
						},
						"1.9167": {
							"vector": [-65, -35, 0]
						},
						"2.75": {
							"vector": [-65, -35, 0]
						},
						"2.9583": {
							"vector": [-61.99286, -32.76683, -5.39015]
						},
						"3.9583": {
							"vector": [-90, -35, 0]
						}
					},
					"position": {
						"0.0": {
							"vector": [0, 0, 0]
						},
						"3.9583": {
							"vector": [0, 0, 0]
						}
					}
				},
				"left_arm": {
					"rotation": {
						"0.0": {
							"vector": [-91, 35, 0]
						},
						"0.5": {
							"vector": [-56.19241, 20.00443, -0.41311]
						},
						"1.0": {
							"vector": [-86.43119, 15.06172, -1.20495]
						},
						"1.2083": {
							"vector": [-87.99941, 6.47916, 0.52805]
						},
						"1.75": {
							"vector": [0, 0, 0]
						},
						"1.9167": {
							"vector": [0, 0, 0]
						},
						"2.75": {
							"vector": [-87.99941, 6.47916, 0.52805]
						},
						"2.9583": {
							"vector": [-86.43119, 15.06172, -1.20495]
						},
						"3.9583": {
							"vector": [-91, 35, 0]
						}
					},
					"position": {
						"0.0": {
							"vector": [0, 0, 0]
						},
						"0.5": {
							"vector": [-0.88174, 0.00814, -1.43821]
						},
						"1.0": {
							"vector": [-0.59977, 0.56844, -0.65922]
						},
						"1.2083": {
							"vector": [-0.29902, 0.32405, 0.47093]
						},
						"1.75": {
							"vector": [0, 0, 0]
						},
						"1.9167": {
							"vector": [0, 0, 0]
						},
						"2.75": {
							"vector": [-0.29902, 0.32405, 0.47093]
						},
						"2.9583": {
							"vector": [-0.59977, 0.56844, -0.65922]
						},
						"3.9583": {
							"vector": [0, 0, 0]
						}
					}
				}
			}
		},
		"nailgun_reload": {
			"animation_length": 6.25,
			"bones": {
				"right_arm": {
					"rotation": {
						"0.0": {
							"vector": [-60, -55, 0]
						},
						"0.5833": {
							"vector": [-60, -55, 0]
						},
						"0.6667": {
							"vector": [-61, -55, 0]
						},
						"0.75": {
							"vector": [-61, -55, 0]
						},
						"0.9583": {
							"vector": [-60, -55, 0]
						},
						"1.1667": {
							"vector": [-60, -55, 0]
						},
						"1.25": {
							"vector": [-60, -55, 0]
						},
						"1.7083": {
							"vector": [-60, -55, 0]
						},
						"1.7917": {
							"vector": [-58, -55, 0]
						},
						"1.8333": {
							"vector": [-58, -55, 0]
						},
						"2.2083": {
							"vector": [-60, -55, 0]
						},
						"2.2917": {
							"vector": [-60, -55, 0]
						},
						"2.75": {
							"vector": [-60, -55, 0]
						},
						"2.8333": {
							"vector": [-58, -55, 0]
						},
						"2.875": {
							"vector": [-58, -55, 0]
						},
						"3.25": {
							"vector": [-60, -55, 0]
						},
						"3.3333": {
							"vector": [-60, -55, 0]
						},
						"3.7917": {
							"vector": [-60, -55, 0]
						},
						"3.875": {
							"vector": [-58, -55, 0]
						},
						"3.9167": {
							"vector": [-58, -55, 0]
						},
						"4.2917": {
							"vector": [-60, -55, 0]
						},
						"4.375": {
							"vector": [-60, -55, 0]
						},
						"4.8333": {
							"vector": [-60, -55, 0]
						},
						"4.9167": {
							"vector": [-58, -55, 0]
						},
						"4.9583": {
							"vector": [-58, -55, 0]
						},
						"5.2917": {
							"vector": [-60, -55, 0]
						},
						"6.25": {
							"vector": [-60, -55, 0]
						}
					},
					"position": {
						"0.0": {
							"vector": [0, 0, 0]
						},
						"6.25": {
							"vector": [0, 0, 0]
						}
					}
				},
				"left_arm": {
					"rotation": {
						"0.0": {
							"vector": [-65, -10, 5]
						},
						"0.25": {
							"vector": [-68.06027, -30.74927, -4.38738]
						},
						"0.5": {
							"vector": [-81.23464, -30.13174, -5.7776]
						},
						"0.6667": {
							"vector": [-88.73464, -30.13174, -5.7776]
						},
						"0.75": {
							"vector": [-88.73464, -30.13174, -5.7776]
						},
						"1.1667": {
							"vector": [0, 0, -2.5]
						},
						"1.25": {
							"vector": [0, 0, -2.5]
						},
						"1.5": {
							"vector": [-43.57704, -14.91863, -8.7099]
						},
						"1.7083": {
							"vector": [-82.04504, -17.76322, -3.79282]
						},
						"1.7917": {
							"vector": [-69.54504, -17.76322, -3.79282]
						},
						"1.8333": {
							"vector": [-69.54504, -17.76322, -3.79282]
						},
						"2.2083": {
							"vector": [0, 0, -2.5]
						},
						"2.2917": {
							"vector": [0, 0, -2.5]
						},
						"2.5417": {
							"vector": [-43.57704, -14.91863, -8.7099]
						},
						"2.75": {
							"vector": [-82.04504, -17.76322, -3.79282]
						},
						"2.8333": {
							"vector": [-69.54504, -17.76322, -3.79282]
						},
						"2.875": {
							"vector": [-69.54504, -17.76322, -3.79282]
						},
						"3.25": {
							"vector": [0, 0, -2.5]
						},
						"3.3333": {
							"vector": [0, 0, -2.5]
						},
						"3.5833": {
							"vector": [-43.57704, -14.91863, -8.7099]
						},
						"3.7917": {
							"vector": [-82.04504, -17.76322, -3.79282]
						},
						"3.875": {
							"vector": [-69.54504, -17.76322, -3.79282]
						},
						"3.9167": {
							"vector": [-69.54504, -17.76322, -3.79282]
						},
						"4.2917": {
							"vector": [0, 0, -2.5]
						},
						"4.375": {
							"vector": [0, 0, -2.5]
						},
						"4.625": {
							"vector": [-43.57704, -14.91863, -8.7099]
						},
						"4.8333": {
							"vector": [-82.04504, -17.76322, -3.79282]
						},
						"4.9167": {
							"vector": [-69.54504, -17.76322, -3.79282]
						},
						"4.9583": {
							"vector": [-69.54504, -17.76322, -3.79282]
						},
						"5.3333": {
							"vector": [-78.66171, -28.85411, -5.85951]
						},
						"5.5417": {
							"vector": [-88.73464, -30.13174, -5.7776]
						},
						"5.5833": {
							"vector": [-88.73464, -30.13174, -5.7776]
						},
						"5.7917": {
							"vector": [-71.23464, -30.13174, -5.7776]
						},
						"5.8333": {
							"vector": [-71.23464, -30.13174, -5.7776]
						},
						"6.25": {
							"vector": [-65, -10, 5]
						}
					},
					"position": {
						"0.0": {
							"vector": [0, 0, 0]
						},
						"0.5": {
							"vector": [0.85897, -0.46276, -1.39213]
						},
						"1.1667": {
							"vector": [0, 0, 0]
						},
						"1.25": {
							"vector": [0, 0, 0]
						},
						"1.7083": {
							"vector": [0.1938, -0.50686, -0.60569]
						},
						"1.7917": {
							"vector": [-0.09298, -0.60599, -1.00309]
						},
						"1.8333": {
							"vector": [-0.09298, -0.60599, -1.00309]
						},
						"2.2083": {
							"vector": [0, 0, 0]
						},
						"2.2917": {
							"vector": [0, 0, 0]
						},
						"2.75": {
							"vector": [0.1938, -0.50686, -0.60569]
						},
						"2.8333": {
							"vector": [-0.09298, -0.60599, -1.00309]
						},
						"2.875": {
							"vector": [-0.09298, -0.60599, -1.00309]
						},
						"3.25": {
							"vector": [0, 0, 0]
						},
						"3.3333": {
							"vector": [0, 0, 0]
						},
						"3.7917": {
							"vector": [0.1938, -0.50686, -0.60569]
						},
						"3.875": {
							"vector": [-0.09298, -0.60599, -1.00309]
						},
						"3.9167": {
							"vector": [-0.09298, -0.60599, -1.00309]
						},
						"4.2917": {
							"vector": [0, 0, 0]
						},
						"4.375": {
							"vector": [0, 0, 0]
						},
						"4.8333": {
							"vector": [0.1938, -0.50686, -0.60569]
						},
						"4.9167": {
							"vector": [-0.09298, -0.60599, -1.00309]
						},
						"4.9583": {
							"vector": [-0.09298, -0.60599, -1.00309]
						},
						"6.25": {
							"vector": [0, 0, 0]
						}
					}
				}
			}
		},
		"blazegun_reload": {
			"animation_length": 2.25,