{
  "credit": "Made with Blockbench",
  "parent": "builtin/entity",
  "texture_size": [
    512,
    512
  ],
  "display": {
    "thirdperson_righthand": {
      "translation": [
        1.75,
        -1.25,
        -3
      ],
      "scale": [
        0.81,
        0.81,
        0.81
      ]
    },
    "thirdperson_lefthand": {
      "translation": [
        1.75,
        -3,
        -3
      ],
      "scale": [
        0.81,
        0.81,
        0.81
      ]
    },
    "firstperson_righthand": {
      "translation": [
        0.25,
        -0.5,
        -1.25
      ]
    },
    "firstperson_lefthand": {
      "translation": [
        0.25,
        -0.5,
        -1.25
      ]
    },
    "ground": {
      "translation": [
        0,
        4,
        0
      ],
      "scale": [
        0.6875,
        0.6875,
        0.6875
      ]
    },
    "gui": {
      "rotation": [
        -135.8800000000001,
        46.820000000000164,
        149.94000000000005
      ],
      "translation": [
        0,
        -1.25,
        0
      ],
      "scale": [
        0.53125,
        0.53125,
        0.53125
      ]
    },
    "head": {
      "translation": [
        0,
        1.5,
        -5
      ],
      "scale": [
        1.70703,
        1.70703,
        1.70703
      ]
    },
    "fixed": {
      "rotation": [
        0,
        -90,
        0
      ],
      "translation": [
        0,
        0.25,
        0
      ]
    }
  }
}