{
  "credit": "Made with Blockbench",
  "parent": "builtin/entity",
  "texture_size": [
    256,
    256
  ],
  "display": {
    "thirdperson_righthand": {
      "translation": [
        2.75,
        4.75,
        2.75
      ],
      "scale": [
        0.88281,
        0.88281,
        0.88281
      ]
    },
    "thirdperson_lefthand": {
      "translation": [
        1.5,
        3.5,
        2.75
      ],
      "scale": [
        0.88281,
        0.88281,
        0.88281
      ]
    },
    "firstperson_righthand": {
      "translation": [
        0,
        6,
        1.25
      ]
    },
    "firstperson_lefthand": {
      "translation": [
        0,
        6,
        1.25
      ]
    },
    "ground": {
      "translation": [
        0,
        4.75,
        0
      ]
    },
    "gui": {
      "rotation": [
        -152.15999999999985,
        49.51999999999998,
        177.19999999999982
      ],
      "translation": [
        -2,
        -1,
        0
      ],
      "scale": [
        0.48047,
        0.48047,
        0.48047
      ]
    },
    "fixed": {
      "rotation": [
        0,
        -90,
        0
      ],
      "translation": [
        4,
        0,
        0
      ],
      "scale": [
        0.79102,
        0.79102,
        0.79102
      ]
    }
  }
}