{
  "credit": "Made with Blockbench",
  "parent": "builtin/entity",
  "texture_size": [
    256,
    256
  ],
  "display": {
    "thirdperson_righthand": {
      "translation": [
        0,
        -0.75,
        -5.25
      ]
    },
    "thirdperson_lefthand": {
      "translation": [
        0,
        -0.75,
        -5.25
      ]
    },
    "firstperson_righthand": {
      "rotation": [
        0,
        0,
        1
      ],
      "translation": [
        -0.25,
        3.5,
        1
      ]
    },
    "firstperson_lefthand": {
      "rotation": [
        0,
        0,
        1
      ],
      "translation": [
        -0.25,
        3.5,
        1
      ]
    },
    "ground": {
      "translation": [
        0,
        2.5,
        0
      ],
      "scale": [
        0.70898,
        0.70898,
        0.70898
      ]
    },
    "gui": {
      "rotation": [
        -134.0999999999999,
        55.26000000000022,
        150.69999999999982
      ],
      "translation": [
        1.25,
        0.5,
        0
      ],
      "scale": [
        0.591801875,
        0.591801875,
        0.591801875
      ]
    },
    "head": {
      "scale": [
        2,
        2,
        2
      ]
    },
    "fixed": {
      "rotation": [
        0,
        -90,
        0
      ],
      "translation": [
        -0.25,
        0,
        -0.5
      ],
      "scale": [
        1.41602,
        1.41602,
        1.41602
      ]
    }
  }
}