{
  "credit": "Made with Blockbench",
  "parent": "builtin/entity",
  "texture_size": [
    512,
    512
  ],
  "display": {
    "thirdperson_righthand": {
      "translation": [
        0,
        0.75,
        -2
      ],
      "scale": [
        1.05,
        1.05,
        1.05
      ]
    },
    "thirdperson_lefthand": {
      "translation": [
        0,
        0.75,
        -2
      ],
      "scale": [
        1.05,
        1.05,
        1.05
      ]
    },
    "firstperson_righthand": {
      "translation": [
        -0.25,
        3.75,
        0
      ]
    },
    "firstperson_lefthand": {
      "translation": [
        -0.25,
        3.75,
        0
      ]
    },
    "ground": {
      "translation": [
        0,
        2,
        0
      ]
    },
    "gui": {
      "rotation": [
        -152.4000000000001,
        42.82999999999993,
        175.44999999999982
      ],
      "translation": [
        0.25,
        1.5,
        0
      ],
      "scale": [
        1.16015375,
        1.16015375,
        1.16015375
      ]
    },
    "head": {
      "translation": [
        0,
        -5,
        0.25
      ],
      "scale": [
        2.24609,
        2.24609,
        2.24609
      ]
    },
    "fixed": {
      "rotation": [
        -180,
        -90,
        -180
      ],
      "translation": [
        -1.75,
        -0.5,
        0
      ],
      "scale": [
        1.74219,
        1.74219,
        1.74219
      ]
    }
  }
}