{
  "parent": "builtin/entity",
  "texture_size": [
    128,
    128
  ],
  "display": {
    "thirdperson_righthand": {
      "translation": [
        1,
        0.75,
        -2
      ],
      "scale": [
        1.05,
        1.05,
        1.05
      ]
    },
    "thirdperson_lefthand": {
      "translation": [
        1,
        0.75,
        -2
      ],
      "scale": [
        1.05,
        1.05,
        1.05
      ]
    },
    "firstperson_righthand": {
      "translation": [
        0,
        2.5,
        0
      ]
    },
    "firstperson_lefthand": {
      "translation": [
        0,
        2.5,
        0
      ]
    },
    "ground": {
      "translation": [
        0,
        2,
        0
      ]
    },
    "gui": {
      "rotation": [
        -152.4,
        42.83,
        175.45
      ],
      "translation": [
        0.75,
        0.75,
        0
      ],
      "scale": [
        1.3203125,
        1.3203125,
        1.3203125
      ]
    },
    "head": {
      "translation": [
        0,
        -5,
        0.25
      ],
      "scale": [
        2.24609375,
        2.24609375,
        2.24609375
      ]
    },
    "fixed": {
      "rotation": [
        180,
        -90,
        180
      ],
      "translation": [
        -1.75,
        1.75,
        0
      ],
      "scale": [
        1.7421875,
        1.7421875,
        1.7421875
      ]
    }
  }
}