{
  "credit": "Made with Blockbench",
  "parent": "builtin/entity",
  "texture_size": [
    512,
    512
  ],
  "display": {
    "firstperson_righthand": {
      "translation": [
        -1.75,
        5,
        0.25
      ]
    },
    "firstperson_lefthand": {
      "translation": [
        -1.75,
        5,
        0.25
      ]
    },
    "gui": {
      "rotation": [
        -146.65999999999985,
        47.26000000000022,
        163.94999999999982
      ]
    },
    "head": {
      "translation": [
        0,
        0,
        -2.5
      ],
      "scale": [
        2.59375,
        2.59375,
        2.59375
      ]
    },
    "fixed": {
      "rotation": [
        0,
        -90,
        0
      ],
      "translation": [
        -2,
        0,
        0
      ],
      "scale": [
        1.64453,
        1.64453,
        1.64453
      ]
    }
  }
}